year,globe_land_ocean,globe_land,globe_ocean,nhem_land_ocean,nhem_land,nhem_ocean,shem_land_ocean,shem_land,shem_ocean,africa_land,asia_land,europe_land,north_america_land,south_america_land,oceania_land,arctic_land_ocean,antarctic_land_ocean
1850,-0.15,-0.49,0,-0.28,-0.63,-0.01,-0.03,-0.18,0.01,-0.86,-0.96,-0.58,0.01,-0.03,-0.26,-0.51,0.08
1851,-0.06,-0.3,0.06,-0.14,-0.42,0.08,0.03,-0.03,0.04,-0.65,-0.96,-0.13,0.49,0.17,-0.06,-0.04,0.07
1852,-0.02,-0.26,0.08,-0.09,-0.41,0.16,0.04,0.09,0.03,-0.42,-0.76,-0.2,0.12,0.43,0.11,-0.18,0
1853,-0.07,-0.38,0.07,-0.14,-0.51,0.14,-0.01,-0.11,0.01,-0.7,-0.94,-0.18,-0.01,0.11,-0.13,-0.22,0.05
1854,-0.05,-0.19,0.02,-0.04,-0.19,0.08,-0.05,-0.17,-0.02,-0.85,-0.19,-0.29,0.22,-0.01,-0.2,0.17,0.07
1855,-0.08,-0.28,0.02,-0.09,-0.34,0.1,-0.06,-0.16,-0.04,-0.75,-0.47,-0.69,0.3,-0.02,-0.1,-0.36,0.11
1856,-0.13,-0.26,-0.07,-0.17,-0.27,-0.09,-0.09,-0.25,-0.05,-0.96,-0.48,-0.64,0.83,-0.18,-0.12,0.1,0.04
1857,-0.19,-0.29,-0.15,-0.23,-0.38,-0.11,-0.16,-0.09,-0.17,-0.77,-0.8,-0.24,0.6,0.07,-0.05,-0.15,0.03
1858,-0.14,-0.37,-0.04,-0.2,-0.41,-0.04,-0.08,-0.28,-0.04,-0.86,-0.54,-0.47,0.25,-0.3,-0.41,-0.25,0.1
1859,-0.07,-0.23,0.01,-0.05,-0.17,0.04,-0.08,-0.35,-0.02,-0.64,-0.18,0.25,0.36,-0.48,-0.49,-0.09,0.05
1860,-0.2,-0.61,-0.02,-0.29,-0.64,-0.02,-0.12,-0.55,-0.02,-0.76,-1.23,-0.49,0.18,-0.96,-0.44,-0.29,0.07
1861,-0.25,-0.62,-0.08,-0.33,-0.63,-0.11,-0.16,-0.6,-0.06,-0.86,-0.95,-0.39,-0.41,-0.98,-0.57,0.02,0.02
1862,-0.32,-0.78,-0.11,-0.46,-0.89,-0.14,-0.17,-0.53,-0.09,-0.98,-1.4,-0.57,-0.64,-1.04,-0.04,-0.09,0.08
1863,-0.25,-0.53,-0.13,-0.31,-0.47,-0.19,-0.2,-0.67,-0.08,-0.87,-0.39,0.29,-0.68,-1.2,-0.48,-0,0.01
1864,-0.23,-0.62,-0.06,-0.28,-0.61,-0.03,-0.18,-0.63,-0.07,-0.71,-1.06,-0.85,-0.07,-1.12,-0.19,-0.07,-0
1865,-0.04,-0.4,0.11,-0.07,-0.39,0.17,-0.02,-0.42,0.07,-0.48,-0.4,-0.19,-0.27,-0.7,-0.33,-0.31,0.06
1866,-0.12,-0.48,0.05,-0.18,-0.47,0.04,-0.05,-0.48,0.05,-0.63,-0.19,-0.04,-0.94,-0.94,-0.15,-0.53,0.04
1867,-0.21,-0.57,-0.05,-0.33,-0.62,-0.11,-0.09,-0.44,-0.01,-0.53,-0.35,-0.69,-1.11,-1.05,0.13,-1,0.05
1868,-0.13,-0.46,0.02,-0.19,-0.49,0.03,-0.06,-0.37,0.02,-0.6,-0.44,0.23,-0.86,-0.86,0.12,-0.4,0.12
1869,-0.08,-0.24,-0,-0.07,-0.21,0.05,-0.09,-0.3,-0.04,-0.18,-0.25,0.01,-0.32,-0.7,-0.03,-0.32,0.13
1870,-0.18,-0.52,-0.02,-0.21,-0.55,0.04,-0.14,-0.45,-0.07,-0.28,-1.06,-0.68,-0.09,-0.83,-0.12,-1.01,0.06
1871,-0.17,-0.53,-0.01,-0.27,-0.59,-0.03,-0.08,-0.38,-0,-0.18,-0.78,-0.97,-0.67,-1.02,0.09,-0.98,0.1
1872,-0.16,-0.57,0.02,-0.25,-0.6,0.02,-0.07,-0.48,0.02,-0.31,-0.91,0.43,-0.75,-0.84,-0.22,-0.94,0.03
1873,-0.17,-0.48,-0.03,-0.22,-0.51,-0.01,-0.11,-0.4,-0.05,-0.17,-0.45,0.07,-1.12,-0.79,-0.07,-1.03,0.03
1874,-0.23,-0.45,-0.13,-0.25,-0.38,-0.16,-0.21,-0.62,-0.11,-0.58,-0.17,-0.19,-0.91,-1.11,-0.39,-0.23,0.06
1875,-0.21,-0.67,-0.01,-0.31,-0.7,-0.02,-0.11,-0.59,0.01,-0.59,-0.42,-0.94,-1.53,-1.18,-0.22,-0.65,0.14
1876,-0.23,-0.61,-0.07,-0.29,-0.61,-0.05,-0.17,-0.6,-0.07,-0.27,-0.49,-0.4,-1.25,-1.13,-0.43,-1.02,0.15
1877,0.08,-0.18,0.19,0.06,-0.18,0.25,0.09,-0.18,0.15,-0.02,-0.27,-0.37,-0.18,-0.36,0.12,-0.22,0.09
1878,0.1,-0.06,0.18,0.11,-0.07,0.24,0.1,-0.03,0.14,-0.19,-0.25,0.08,0.49,-0.38,0.31,-0.15,0.25
1879,-0.17,-0.53,-0.01,-0.23,-0.5,-0.02,-0.12,-0.59,-0.01,-0.52,-0.27,-0.64,-0.81,-1.1,-0.48,-0.77,0.13
1880,-0.19,-0.51,-0.05,-0.29,-0.57,-0.07,-0.1,-0.37,-0.03,-0.31,-0.43,-0.44,-1.02,-0.83,-0.19,-0.53,0.08
1881,-0.1,-0.4,0.04,-0.19,-0.46,0.02,-0,-0.26,0.06,0.19,-0.44,-0.81,-0.68,-0.57,-0.18,-0.94,0
1882,-0.18,-0.57,-0,-0.32,-0.69,-0.04,-0.04,-0.3,0.02,-0.4,-0.6,-0,-1.01,-0.79,-0.19,-1.09,0.1
1883,-0.18,-0.51,-0.03,-0.27,-0.58,-0.03,-0.09,-0.36,-0.03,-0.39,-0.53,-0.4,-1.17,-0.83,-0.46,-0.19,0.09
1884,-0.28,-0.68,-0.1,-0.42,-0.79,-0.13,-0.14,-0.41,-0.08,-0.53,-0.94,-0.32,-1.05,-0.8,-0.33,-0.61,0.09
1885,-0.23,-0.54,-0.1,-0.31,-0.63,-0.07,-0.16,-0.32,-0.12,-0.03,-0.92,-0.37,-0.51,-0.71,-0.35,-0.87,0.01
1886,-0.27,-0.54,-0.15,-0.38,-0.66,-0.16,-0.17,-0.27,-0.14,-0.19,-0.66,-0.25,-0.89,-0.72,-0.2,-1.03,0.06
1887,-0.35,-0.63,-0.22,-0.43,-0.7,-0.23,-0.27,-0.47,-0.22,-0.4,-0.48,-0.44,-1.22,-0.81,-0.56,-1.14,-0.02
1888,-0.13,-0.31,-0.04,-0.19,-0.45,0.01,-0.07,0.01,-0.08,-0.04,-0.46,-1.03,-0.57,-0.26,-0,-0.68,0.16
1889,-0.06,-0.14,-0.02,-0.13,-0.26,-0.03,0.01,0.12,-0.02,0.3,-0.59,-0.45,0.06,-0.26,0.13,-0.3,0.14
1890,-0.32,-0.52,-0.22,-0.38,-0.6,-0.22,-0.25,-0.35,-0.22,-0.57,-0.71,-0.35,-0.59,-0.93,-0.39,-0.63,0.17
1891,-0.24,-0.51,-0.11,-0.28,-0.58,-0.06,-0.19,-0.36,-0.15,-0.18,-0.74,-0.51,-0.48,-0.42,-0.76,-0.84,-0.09
1892,-0.32,-0.53,-0.23,-0.45,-0.59,-0.34,-0.2,-0.38,-0.16,-0.37,-0.71,-0.42,-0.67,-0.96,-0.28,-0.6,0.06
1893,-0.33,-0.63,-0.19,-0.47,-0.73,-0.27,-0.18,-0.42,-0.13,-0.53,-0.57,-0.67,-0.96,-0.97,-0.16,-0.87,0.01
1894,-0.33,-0.57,-0.23,-0.44,-0.62,-0.3,-0.23,-0.45,-0.18,-0.2,-0.42,-0.23,-0.99,-0.58,-0.75,-1.19,-0.14
1895,-0.23,-0.47,-0.12,-0.34,-0.59,-0.15,-0.12,-0.19,-0.11,-0.07,-0.69,-0.34,-0.7,-0.26,-0.46,-0.92,-0.03
1896,-0.13,-0.41,0,-0.24,-0.55,-0,-0.02,-0.11,0,0.02,-0.47,-0.34,-1.02,-0.02,-0.39,-0.98,-0.08
1897,-0.12,-0.27,-0.05,-0.22,-0.37,-0.11,-0.02,-0.04,-0.01,0.09,-0.42,-0.11,-0.78,-0.2,0.02,-0.58,0.05
1898,-0.26,-0.42,-0.19,-0.35,-0.56,-0.18,-0.18,-0.12,-0.19,-0.15,-0.66,-0.03,-0.73,-0.32,-0.19,-1.07,0.17
1899,-0.16,-0.27,-0.12,-0.23,-0.33,-0.15,-0.1,-0.11,-0.1,0.1,-0.12,-0.14,-1.04,-0.11,-0.39,-0.87,0.11
1900,-0.08,-0.15,-0.05,-0.11,-0.24,-0.01,-0.05,0.08,-0.08,0.02,-0.48,-0.14,0.01,0.13,0.05,-0.46,0.01
1901,-0.12,-0.08,-0.14,-0.12,-0.13,-0.11,-0.12,0.05,-0.17,0.14,-0.15,-0.14,-0.3,0.29,-0.17,-0.45,0.03
1902,-0.22,-0.28,-0.19,-0.32,-0.47,-0.21,-0.11,0.16,-0.17,0.16,-0.61,-0.84,-0.33,0.24,-0.26,-1.35,0.17
1903,-0.33,-0.39,-0.31,-0.42,-0.49,-0.36,-0.25,-0.16,-0.27,-0.41,-0.47,-0.1,-0.58,-0.11,-0.45,-0.47,-0.01
1904,-0.39,-0.4,-0.39,-0.43,-0.41,-0.46,-0.35,-0.38,-0.34,-0.44,-0.36,-0.37,-0.74,-0.38,-0.57,-0.29,-0.08
1905,-0.27,-0.32,-0.24,-0.34,-0.4,-0.29,-0.19,-0.14,-0.21,-0.15,-0.56,-0.28,-0.34,0.04,-0.47,-0.33,-0.1
1906,-0.18,-0.09,-0.21,-0.2,-0.16,-0.23,-0.15,0.08,-0.2,-0.14,-0.16,-0.07,-0.42,0.04,0.01,-0.05,0.13
1907,-0.35,-0.49,-0.29,-0.45,-0.63,-0.31,-0.25,-0.17,-0.27,-0.47,-0.64,-0.6,-1.09,-0.18,-0.33,-0.6,0.02
1908,-0.39,-0.43,-0.37,-0.43,-0.44,-0.43,-0.34,-0.4,-0.33,-0.26,-0.62,-0.52,-0.37,-0.25,-0.64,-0.42,-0.25
1909,-0.38,-0.38,-0.38,-0.46,-0.46,-0.46,-0.31,-0.18,-0.33,-0.17,-0.39,-0.5,-0.8,-0.39,-0.51,-0.71,0.1
1910,-0.35,-0.26,-0.39,-0.38,-0.29,-0.45,-0.31,-0.2,-0.34,-0.33,-0.51,0.04,-0.3,-0.41,-0.22,-0.12,0.02
1911,-0.37,-0.39,-0.36,-0.39,-0.43,-0.36,-0.35,-0.28,-0.36,-0.4,-0.52,-0.18,-0.49,-0.45,-0.39,-0.43,-0
1912,-0.3,-0.48,-0.22,-0.46,-0.67,-0.29,-0.15,-0.05,-0.17,-0.25,-0.79,-0.6,-0.6,-0.19,-0.02,-0.9,0.04
1913,-0.28,-0.33,-0.26,-0.42,-0.46,-0.38,-0.15,-0.04,-0.17,-0.21,-0.4,-0.13,-0.8,-0.15,-0.42,-0.64,0.1
1914,-0.12,-0.1,-0.13,-0.18,-0.16,-0.19,-0.06,0.05,-0.08,-0.03,0.08,-0.15,-0.5,-0.09,0.28,-0.44,-0.06
1915,-0.07,-0.09,-0.06,-0.12,-0.19,-0.06,-0.03,0.15,-0.07,-0.02,-0.27,-0.49,0.24,-0.04,0.24,-0.61,0.13
1916,-0.29,-0.38,-0.25,-0.38,-0.49,-0.29,-0.19,-0.1,-0.21,-0.34,-0.57,0.03,-0.48,-0.51,-0.19,-0.57,0.15
1917,-0.42,-0.64,-0.32,-0.53,-0.71,-0.39,-0.31,-0.49,-0.27,-0.59,-0.36,-0.53,-1.12,-0.96,-0.63,-0.85,0.04
1918,-0.33,-0.57,-0.21,-0.43,-0.67,-0.26,-0.22,-0.35,-0.19,-0.51,-0.5,-0.08,-0.87,-0.76,-0.35,-1.1,-0.03
1919,-0.2,-0.27,-0.17,-0.28,-0.32,-0.24,-0.12,-0.15,-0.11,-0.12,-0.44,-0.53,-0.27,-0.31,0.01,-0.3,-0.11
1920,-0.18,-0.26,-0.15,-0.22,-0.25,-0.2,-0.14,-0.28,-0.11,-0.32,-0.18,0.04,-0.48,-0.52,-0.33,0.03,-0.13
1921,-0.15,-0.11,-0.17,-0.14,-0.1,-0.17,-0.17,-0.13,-0.18,-0.33,0.02,0.04,-0,-0.62,-0.06,-0.18,0.05
1922,-0.23,-0.21,-0.23,-0.23,-0.22,-0.24,-0.22,-0.19,-0.23,-0.13,-0.14,-0.46,-0.47,-0.58,-0.2,-0.17,-0.07
1923,-0.22,-0.26,-0.21,-0.22,-0.25,-0.2,-0.22,-0.27,-0.21,-0.36,-0.18,-0.1,-0.26,-0.65,-0.17,-0.16,-0.1
1924,-0.21,-0.18,-0.23,-0.14,-0.06,-0.2,-0.29,-0.44,-0.25,-0.06,0.01,-0.3,-0.32,-0.68,-0.37,0.2,-0.25
1925,-0.19,-0.18,-0.19,-0.12,-0.08,-0.15,-0.25,-0.41,-0.22,-0.18,0.02,-0.03,-0.2,-0.48,-0.47,-0.18,-0.28
1926,-0.07,0.02,-0.11,0.01,0.03,-0.02,-0.15,-0.02,-0.18,-0.01,0.03,0.02,0.07,-0.17,-0.04,0.19,-0
1927,-0.17,-0.16,-0.17,-0.13,-0.18,-0.08,-0.21,-0.11,-0.23,0.03,-0.3,-0.11,-0.22,-0.37,-0.22,-0.16,-0.04
1928,-0.15,-0.04,-0.21,-0.1,-0.02,-0.15,-0.21,-0.06,-0.24,-0,-0.25,-0.2,0.37,-0.46,0.15,0.26,-0.03
1929,-0.3,-0.41,-0.25,-0.3,-0.45,-0.18,-0.3,-0.32,-0.3,-0.24,-0.68,-0.56,-0.32,-0.4,-0.44,-0.17,-0.19
1930,-0.1,-0.05,-0.13,-0,0.01,-0.02,-0.2,-0.19,-0.21,-0.21,-0.22,0.38,0.19,-0.19,-0.09,0.29,-0.15
1931,-0.05,0.07,-0.1,0.07,0.17,-0.01,-0.16,-0.15,-0.16,0.29,-0.3,-0.45,0.78,-0.24,-0.25,0.37,-0.09
1932,-0.11,0.01,-0.16,-0.02,0.1,-0.11,-0.2,-0.18,-0.2,-0.03,0.27,-0.05,-0.18,-0.1,-0.2,0.27,-0.23
1933,-0.24,-0.26,-0.23,-0.22,-0.27,-0.17,-0.26,-0.22,-0.27,0.02,-0.58,-0.54,-0.28,-0.35,-0.23,-0.18,-0.18
1934,-0.1,0.04,-0.16,-0.02,0.11,-0.12,-0.18,-0.12,-0.19,-0.05,-0.11,0.61,0.25,-0.38,-0.14,0.59,-0.09
1935,-0.13,-0.1,-0.14,-0.09,-0.1,-0.09,-0.17,-0.11,-0.18,-0.18,-0.12,0.04,-0.27,-0.19,-0.2,0.12,-0.01
1936,-0.09,-0.06,-0.11,-0.04,-0.1,-0,-0.14,0.04,-0.18,-0.05,-0.14,0.3,-0.39,-0.04,-0.03,0.12,0.06
1937,-0,0.06,-0.03,0.11,0.15,0.09,-0.12,-0.14,-0.11,0.02,-0.14,0.52,0.1,-0.07,-0.11,0.79,-0.16
1938,0.01,0.26,-0.1,0.14,0.38,-0.05,-0.11,0.01,-0.14,-0.18,0.26,0.48,0.5,-0.16,0.24,1.01,-0.03
1939,0.02,0.14,-0.03,0.08,0.21,-0.02,-0.03,0,-0.04,-0.08,0.28,0.17,0.3,-0.07,-0.3,0.29,0.18
1940,0.16,0.16,0.16,0.21,0.25,0.18,0.11,-0.05,0.14,0.08,0.03,-0.85,0.56,0.14,-0.04,0.72,-0.14
1941,0.21,0.11,0.26,0.24,0.1,0.35,0.19,0.14,0.2,0.37,-0.1,-0.88,0.6,0.24,-0.14,-0.19,0.04
1942,0.08,0.08,0.08,0.13,0.12,0.13,0.03,-0.03,0.04,0.18,0.01,-0.76,0.38,-0.07,0.18,0.35,-0.1
1943,0.09,0.09,0.08,0.16,0.26,0.09,0.01,-0.29,0.08,-0.23,0.35,0.32,0.17,-0.19,-0.22,0.99,-0.26
1944,0.21,0.25,0.19,0.29,0.35,0.25,0.13,0.05,0.15,-0.03,0.31,0.07,0.4,0.17,-0.07,0.98,-0.05
1945,0.13,0.01,0.19,0.14,0.02,0.24,0.13,0.01,0.15,-0.08,-0.15,0.02,0.01,0.06,-0.02,0.48,-0.03
1946,-0,-0.01,-0,0.04,0.01,0.06,-0.04,-0.05,-0.04,-0.02,-0.04,0.17,0.2,0,-0.31,-0.23,-0.02
1947,-0,0.14,-0.07,0.08,0.23,-0.02,-0.09,-0.04,-0.1,0.11,0.02,0.1,0.27,-0.08,-0.13,0.65,-0.02
1948,-0.04,0.03,-0.07,0.03,0.06,0.01,-0.11,-0.04,-0.12,-0.2,0.45,0.26,-0.08,0.02,-0.24,0.02,-0.03
1949,-0.04,-0.03,-0.05,-0.01,-0.02,0,-0.08,-0.05,-0.08,-0,-0.01,0.41,-0.1,-0.18,-0.52,0.07,0.07
1950,-0.13,-0.21,-0.09,-0.13,-0.27,-0.02,-0.13,-0.09,-0.14,-0.23,-0.38,0.27,-0.41,-0.19,-0.27,-0.02,0.01
1951,-0.02,-0.08,0.02,0.08,-0.04,0.17,-0.11,-0.17,-0.1,-0.1,0.11,0.23,-0.35,-0.05,-0.16,-0.03,-0.19
1952,0.04,-0.01,0.07,0.09,0.02,0.14,0,-0.08,0.02,0.03,-0.34,-0,0.47,0.05,-0.14,0.05,-0.15
1953,0.1,0.2,0.06,0.24,0.36,0.15,-0.04,-0.15,-0.01,-0.14,0.33,0.2,0.66,0.21,-0.14,0.73,-0.33
1954,-0.08,-0.04,-0.09,0.02,0.04,0.01,-0.17,-0.23,-0.16,-0.26,-0.21,-0.19,0.41,-0.08,-0.1,0.56,-0.3
1955,-0.13,-0.12,-0.13,-0.07,-0.12,-0.03,-0.19,-0.12,-0.2,-0.06,-0.06,-0.05,-0.16,-0.24,-0.12,-0.45,0.04
1956,-0.17,-0.31,-0.1,-0.18,-0.33,-0.06,-0.16,-0.27,-0.13,-0.32,-0.42,-0.9,-0.32,-0.47,-0.43,-0.18,0.05
1957,0.06,-0.04,0.1,0.05,-0.12,0.17,0.06,0.15,0.04,-0.12,-0.27,0.25,0.1,-0,0.12,-0.1,0.15
1958,0.09,0.04,0.11,0.15,0.03,0.24,0.02,0.05,0.02,0.21,-0.14,0.04,0.34,0.36,0.25,-0.45,-0.23
1959,0.08,0.1,0.07,0.13,0.09,0.17,0.02,0.15,-0,-0.01,0.14,0.28,-0.14,0.17,0.28,0.29,-0.07
1960,-0.01,-0.11,0.03,0.09,0.04,0.13,-0.11,-0.44,-0.03,0.11,-0.2,0.28,0.19,0.02,-0.22,0.09,-0.59
1961,0.08,0.06,0.08,0.06,-0.03,0.13,0.09,0.25,0.05,-0.16,0.23,0.62,-0.2,0.26,0.15,-0.3,0.14
1962,0.04,0.03,0.04,0.13,0.16,0.11,-0.05,-0.26,-0,0.01,0.38,-0.11,0.12,-0.02,0.08,0.2,-0.41
1963,0.06,0.04,0.07,0.13,0.06,0.17,-0.01,-0.03,-0.01,0.06,0.33,-0.31,0.23,0.25,0.01,-0.4,-0.15
1964,-0.18,-0.36,-0.1,-0.2,-0.4,-0.04,-0.17,-0.26,-0.14,-0.24,-0.3,-0.09,-0.39,-0.14,-0,-0.86,-0.22
1965,-0.08,-0.17,-0.05,-0.13,-0.25,-0.04,-0.04,0.03,-0.05,-0.22,-0.13,-0.45,-0.27,0.14,0.17,-0.52,0.02
1966,-0.04,-0.16,0.02,-0.02,-0.23,0.14,-0.06,-0.01,-0.07,0.1,-0.18,0.3,-0.34,0.1,-0.21,-0.94,0.03
1967,-0.01,0.01,-0.02,0.04,-0.01,0.09,-0.06,0.07,-0.09,-0.28,0.21,0.22,-0.19,0.08,-0.07,0.25,0.17
1968,-0.05,-0.22,0.02,-0.06,-0.24,0.07,-0.04,-0.17,-0.01,-0.18,-0.18,-0.02,-0.12,-0.09,-0.1,-0.49,-0.05
1969,0.09,-0.1,0.17,-0,-0.22,0.17,0.18,0.18,0.18,0.36,-0.68,-0.38,0.05,0.47,0.18,-0.35,-0
1970,0.04,-0,0.05,-0.03,-0.11,0.02,0.11,0.23,0.08,0.11,-0.05,-0.05,-0.2,0.25,0.17,-0.34,0.13
1971,-0.08,-0.06,-0.09,-0.14,-0.09,-0.18,-0.02,-0.01,-0.02,-0.23,0.19,0.04,-0.28,-0.2,0.05,-0.3,0.17
1972,0.05,-0.09,0.12,-0.13,-0.27,-0.03,0.24,0.33,0.22,0.03,-0.29,0.07,-0.85,0.22,0.24,-0.42,0.38
1973,0.17,0.28,0.12,0.1,0.25,-0,0.23,0.36,0.21,0.25,0.41,-0.02,0.23,0.24,0.6,0.05,0.16
1974,-0.05,-0.15,-0,-0.15,-0.19,-0.12,0.05,-0.05,0.08,-0.3,-0.23,0.32,-0.32,-0.17,-0.2,-0.25,0.18
1975,-0.01,0.06,-0.04,-0.05,0.09,-0.15,0.04,0.02,0.04,-0.22,0.56,0.55,-0.29,-0.04,0.11,0,0.11
1976,-0.06,-0.22,0.01,-0.16,-0.2,-0.13,0.04,-0.27,0.11,-0.21,-0.37,-0.38,0.05,-0.09,-0.27,-0.11,-0.1
1977,0.2,0.2,0.2,0.14,0.18,0.1,0.26,0.22,0.26,0.1,0.1,0.06,0.64,0.36,0.17,0.1,0.17
1978,0.11,0.03,0.15,0.06,0.02,0.08,0.17,0.05,0.2,0.09,0.21,-0.38,-0.14,0.25,0.09,-0.17,0.06
1979,0.19,0.03,0.26,0.1,0.02,0.17,0.27,0.05,0.32,0.33,0.07,0.02,-0.11,0.24,0.46,-0.47,-0.09
1980,0.29,0.34,0.26,0.2,0.24,0.16,0.38,0.56,0.33,0.31,0.19,-0.42,0.49,0.39,0.67,0.22,0.61
1981,0.33,0.55,0.23,0.39,0.67,0.17,0.27,0.29,0.27,0.12,0.67,0.1,1.18,0.26,0.44,1.01,0.37
1982,0.15,0.01,0.22,0.08,-0.03,0.16,0.23,0.09,0.26,0.07,0.22,0.27,-0.45,0.37,0.22,-0.39,-0.07
1983,0.32,0.39,0.29,0.25,0.37,0.16,0.39,0.42,0.39,0.39,0.7,0.44,0.07,0.56,0.5,0.14,0.21
1984,0.17,0.12,0.19,0.07,0.09,0.05,0.27,0.19,0.29,0.21,-0.12,0.08,0.14,0.14,0.02,0.31,0.26
1985,0.14,0.09,0.17,0.04,0.07,0.01,0.25,0.14,0.28,0.21,0.03,-0.51,0.03,0.22,0.4,0.21,0.06
1986,0.22,0.22,0.22,0.16,0.2,0.12,0.28,0.26,0.29,0.18,0.26,-0.03,0.45,0.36,0.4,0.04,0.12
1987,0.33,0.25,0.36,0.25,0.21,0.28,0.41,0.35,0.42,0.71,-0.03,-0.47,1,0.68,0.36,-0.45,-0
1988,0.38,0.54,0.31,0.37,0.55,0.23,0.39,0.52,0.36,0.43,0.76,0.3,0.67,0.36,0.79,0.51,0.37
1989,0.26,0.29,0.25,0.27,0.36,0.21,0.25,0.12,0.28,0.08,0.7,0.95,0.02,0.25,0.28,0.33,0.06
1990,0.42,0.61,0.34,0.5,0.7,0.34,0.34,0.38,0.33,0.54,0.93,0.93,0.31,0.42,0.57,0.55,0.16
1991,0.4,0.58,0.32,0.42,0.59,0.28,0.39,0.56,0.35,0.28,0.69,0.25,0.62,0.42,0.58,0.81,0.48
1992,0.23,0.2,0.25,0.15,0.15,0.15,0.32,0.32,0.31,0.15,0.21,0.44,0.2,0.31,0.29,-0.04,0.27
1993,0.26,0.27,0.25,0.24,0.34,0.16,0.28,0.11,0.32,0.44,0.34,0.05,0.24,0.42,0.38,0.51,-0.12
1994,0.32,0.38,0.29,0.36,0.45,0.29,0.28,0.22,0.29,0.3,0.55,0.79,0.51,0.59,0.3,0.26,-0.03
1995,0.46,0.76,0.32,0.59,0.94,0.34,0.32,0.37,0.31,0.58,1.24,0.59,0.54,0.62,0.35,1.31,0.04
1996,0.34,0.42,0.31,0.32,0.38,0.27,0.37,0.5,0.34,0.5,0.37,-0.04,0.14,0.43,0.63,0.62,0.34
1997,0.48,0.51,0.46,0.52,0.6,0.46,0.43,0.33,0.46,0.48,0.79,0.44,0.56,0.78,0.42,0.59,-0
1998,0.61,0.85,0.5,0.7,0.96,0.51,0.52,0.59,0.5,0.89,0.78,0.59,1.62,0.98,0.98,0.59,-0.02
1999,0.4,0.61,0.3,0.5,0.8,0.28,0.3,0.19,0.32,0.58,0.89,1,1.03,0.37,0.5,0.34,-0.16
2000,0.4,0.57,0.33,0.5,0.72,0.32,0.31,0.21,0.33,0.42,0.76,1.17,0.77,0.32,0.28,0.78,0.01
2001,0.53,0.75,0.43,0.62,0.9,0.41,0.43,0.4,0.44,0.61,0.97,0.83,1.13,0.62,0.35,0.72,0.18
2002,0.59,0.9,0.45,0.66,0.96,0.43,0.52,0.77,0.46,0.78,1.17,1.02,0.74,0.8,0.75,0.89,0.44
2003,0.6,0.87,0.47,0.73,0.99,0.53,0.47,0.6,0.44,0.87,1.07,0.84,0.99,0.75,0.74,1.28,0.16
2004,0.53,0.7,0.46,0.65,0.8,0.54,0.41,0.45,0.41,0.73,1.04,0.73,0.49,0.68,0.59,0.54,0.09
2005,0.66,1.12,0.46,0.85,1.25,0.55,0.48,0.83,0.4,1.03,1.24,0.74,1.22,0.8,1.01,1.76,0.33
2006,0.63,1,0.46,0.81,1.2,0.51,0.46,0.56,0.43,0.73,1,0.95,1.47,0.76,0.61,1.45,0.23
2007,0.62,1.15,0.38,0.81,1.32,0.42,0.43,0.77,0.36,0.72,1.7,1.26,0.86,0.54,0.73,1.7,0.5
2008,0.52,0.86,0.37,0.67,1.01,0.41,0.38,0.52,0.35,0.64,1.37,1.16,0.37,0.6,0.56,1.26,0.16
2009,0.65,0.95,0.51,0.72,0.98,0.53,0.57,0.9,0.49,0.92,1,0.99,0.5,0.83,0.9,1.11,0.46
2010,0.71,1.15,0.51,0.91,1.4,0.54,0.5,0.6,0.48,1.37,1.1,0.62,1.64,0.83,0.63,1.8,0.04
2011,0.6,1.02,0.41,0.75,1.2,0.41,0.44,0.62,0.4,0.75,1.18,1.1,0.94,0.62,0.3,1.99,0.33
2012,0.63,1.01,0.46,0.8,1.22,0.49,0.46,0.53,0.44,0.8,0.98,0.92,1.49,0.86,0.45,1.77,0.02
2013,0.66,1.01,0.5,0.79,1.08,0.57,0.53,0.85,0.46,0.9,1.33,1,0.58,0.75,1.18,1.2,0.35
2014,0.73,1.05,0.59,0.93,1.21,0.72,0.54,0.69,0.5,0.94,1.11,1.59,0.79,0.98,0.98,1.84,0.02
2015,0.88,1.3,0.69,1.14,1.53,0.84,0.61,0.76,0.58,1.08,1.75,1.54,1.26,1.35,0.94,1.77,-0.2
2016,1,1.59,0.73,1.31,1.92,0.84,0.68,0.84,0.65,1.34,1.72,1.34,1.92,1.15,1.08,2.9,0.08
2017,0.93,1.43,0.7,1.2,1.71,0.81,0.66,0.81,0.62,1.06,1.77,1.27,1.47,1.14,1,2.42,0.2
2018,0.86,1.31,0.66,1.08,1.48,0.77,0.65,0.91,0.59,1.21,1.44,1.66,0.91,0.89,0.99,2.12,0.32
2019,0.99,1.49,0.77,1.24,1.67,0.92,0.73,1.06,0.66,1.29,1.78,1.68,1.12,1.18,1.22,2.55,0.26
2020,1.01,1.63,0.73,1.35,1.9,0.93,0.67,1,0.6,1.2,2.22,1.94,1.19,1.3,1.08,2.68,0.36
2021,0.86,1.36,0.63,1.17,1.68,0.78,0.55,0.62,0.53,1.27,1.63,1.17,1.56,0.98,0.72,1.89,0.04
2022,0.89,1.36,0.68,1.2,1.66,0.85,0.59,0.7,0.57,0.95,1.88,1.74,1.03,0.8,0.76,2.33,0.26
2023,1.17,1.76,0.9,1.51,2.06,1.09,0.83,1.08,0.77,1.45,2.06,1.92,2,1.65,1,2.52,0.22
2024,1.25,1.93,0.95,1.63,2.23,1.17,0.88,1.23,0.8,1.66,2.17,2.26,2.2,1.64,1.34,2.71,0.26
2025,1.12,1.76,0.83,1.45,2.09,0.97,0.79,1.02,0.74,1.21,2.16,1.91,1.95,1.12,1.18,2.74,0.47
